{
	"info": {
		"_postman_id": "uocc-api-collection",
		"name": "Urban Operations Command Center API",
		"description": "Complete API collection for UOCC backend with JWT authentication",
		"schema": "https://schema.getpostman.com/json/collection/v2.1.0/collection.json"
	},
	"auth": {
		"type": "bearer",
		"bearer": [
			{
				"key": "token",
				"value": "{{jwt_token}}",
				"type": "string"
			}
		]
	},
	"variable": [
		{
			"key": "base_url",
			"value": "http://localhost:8081",
			"type": "string"
		},
		{
			"key": "jwt_token",
			"value": "",
			"type": "string"
		}
	],
	"item": [
		{
			"name": "Authentication",
			"item": [
				{
					"name": "Register User",
					"event": [
						{
							"listen": "test",
							"script": {
							"exec": [
								"if (pm.response.code === 201) {",
								"    var jsonData = pm.response.json();",
								"    var token = jsonData.data && jsonData.data.token;",
								"    if (token) {",
								"        pm.collectionVariables.set(\"jwt_token\", token);",
								"        pm.environment.set(\"jwt_token\", token);",
								"    }",
								"}"
							],
								"type": "text/javascript"
							}
						}
					],
					"request": {
						"auth": {
							"type": "noauth"
						},
						"method": "POST",
						"header": [
							{
								"key": "Content-Type",
								"value": "application/json"
							}
						],
						"body": {
							"mode": "raw",
							"raw": "{\n  \"name\": \"Test User\",\n  \"email\": \"test@example.com\",\n  \"password\": \"Test@123\",\n  \"role\": \"operator\"\n}"
						},
						"url": {
							"raw": "{{base_url}}/api/auth/register",
							"host": ["{{base_url}}"],
							"path": ["api", "auth", "register"]
						}
					}
				},
				{
					"name": "Login",
					"event": [
						{
							"listen": "test",
							"script": {
							"exec": [
								"if (pm.response.code === 200) {",
								"    var jsonData = pm.response.json();",
								"    var token = jsonData.data && jsonData.data.token;",
								"    if (token) {",
								"        pm.collectionVariables.set(\"jwt_token\", token);",
								"        pm.environment.set(\"jwt_token\", token);",
								"        console.log(\"Token saved: \" + token);",
								"    }",
								"}"
							],
								"type": "text/javascript"
							}
						}
					],
					"request": {
						"auth": {
							"type": "noauth"
						},
						"method": "POST",
						"header": [
							{
								"key": "Content-Type",
								"value": "application/json"
							}
						],
						"body": {
							"mode": "raw",
							"raw": "{\n  \"email\": \"admin@uocc.com\",\n  \"password\": \"Admin@123\"\n}"
						},
						"url": {
							"raw": "{{base_url}}/api/auth/login",
							"host": ["{{base_url}}"],
							"path": ["api", "auth", "login"]
						}
					}
				},
				{
					"name": "Change Password",
					"request": {
						"method": "POST",
						"header": [
							{
								"key": "Content-Type",
								"value": "application/json"
							}
						],
						"body": {
							"mode": "raw",
							"raw": "{\n  \"oldPassword\": \"Admin@123\",\n  \"newPassword\": \"NewAdmin@123\"\n}"
						},
						"url": {
							"raw": "{{base_url}}/api/auth/change-password",
							"host": ["{{base_url}}"],
							"path": ["api", "auth", "change-password"]
						}
					}
				}
			]
		},
		{
			"name": "Users",
			"item": [
				{
					"name": "Get Current User Profile",
					"request": {
						"method": "GET",
						"header": [],
						"url": {
							"raw": "{{base_url}}/api/users/me",
							"host": ["{{base_url}}"],
							"path": ["api", "users", "me"]
						}
					}
				},
				{
					"name": "Update Current User Profile",
					"request": {
						"method": "PATCH",
						"header": [
							{
								"key": "Content-Type",
								"value": "application/json"
							}
						],
						"body": {
							"mode": "raw",
							"raw": "{\n  \"email\": \"updated@example.com\"\n}"
						},
						"url": {
							"raw": "{{base_url}}/api/users/me",
							"host": ["{{base_url}}"],
							"path": ["api", "users", "me"]
						}
					}
				},
				{
					"name": "Get All Users (Admin)",
					"request": {
						"method": "GET",
						"header": [],
						"url": {
							"raw": "{{base_url}}/api/users?limit=20&offset=0",
							"host": ["{{base_url}}"],
							"path": ["api", "users"],
							"query": [
								{
									"key": "limit",
									"value": "20"
								},
								{
									"key": "offset",
									"value": "0"
								}
							]
						}
					}
				},
				{
					"name": "Get User by ID (Admin)",
					"request": {
						"method": "GET",
						"header": [],
						"url": {
							"raw": "{{base_url}}/api/users/1",
							"host": ["{{base_url}}"],
							"path": ["api", "users", "1"]
						}
					}
				},
				{
					"name": "Update User (Admin)",
					"request": {
						"method": "PATCH",
						"header": [
							{
								"key": "Content-Type",
								"value": "application/json"
							}
						],
						"body": {
							"mode": "raw",
							"raw": "{\n  \"name\": \"Updated Name\",\n  \"role\": \"operator\"\n}"
						},
						"url": {
							"raw": "{{base_url}}/api/users/1",
							"host": ["{{base_url}}"],
							"path": ["api", "users", "1"]
						}
					}
				},
				{
					"name": "Delete User (Admin)",
					"request": {
						"method": "DELETE",
						"header": [],
						"url": {
							"raw": "{{base_url}}/api/users/1",
							"host": ["{{base_url}}"],
							"path": ["api", "users", "1"]
						}
					}
				}
			]
		},
		{
			"name": "Incidents",
			"item": [
				{
					"name": "Get All Incidents",
					"request": {
						"method": "GET",
						"header": [],
						"url": {
							"raw": "{{base_url}}/api/incidents?status=active&severity=high&limit=20&offset=0&sort=reportedAt,desc",
							"host": ["{{base_url}}"],
							"path": ["api", "incidents"],
							"query": [
								{
									"key": "status",
									"value": "active",
									"description": "Filter by status: active, investigating, resolved, closed"
								},
								{
									"key": "severity",
									"value": "high",
									"description": "Filter by severity: low, medium, high, critical"
								},
								{
									"key": "type",
									"value": "infrastructure",
									"disabled": true
								},
								{
									"key": "limit",
									"value": "20"
								},
								{
									"key": "offset",
									"value": "0"
								},
								{
									"key": "sort",
									"value": "reportedAt,desc"
								}
							]
						}
					}
				},
				{
					"name": "Get Incident by ID",
					"request": {
						"method": "GET",
						"header": [],
						"url": {
							"raw": "{{base_url}}/api/incidents/1",
							"host": ["{{base_url}}"],
							"path": ["api", "incidents", "1"]
						}
					}
				},
				{
					"name": "Create Incident",
					"request": {
						"method": "POST",
						"header": [
							{
								"key": "Content-Type",
								"value": "application/json"
							}
						],
						"body": {
							"mode": "raw",
							"raw": "{\n  \"title\": \"Transformer Explosion\",\n  \"description\": \"Explosion near substation causing power outage\",\n  \"status\": \"active\",\n  \"severity\": \"critical\",\n  \"type\": \"infrastructure\",\n  \"location\": {\n    \"lat\": 18.5204,\n    \"lng\": 73.8567,\n    \"address\": \"Kothrud, Pune\"\n  },\n  \"assignedTo\": \"Electrical Department\",\n  \"tags\": [\"power\", \"urgent\", \"emergency\"]\n}"
						},
						"url": {
							"raw": "{{base_url}}/api/incidents",
							"host": ["{{base_url}}"],
							"path": ["api", "incidents"]
						}
					}
				},
				{
					"name": "Update Incident",
					"request": {
						"method": "PATCH",
						"header": [
							{
								"key": "Content-Type",
								"value": "application/json"
							}
						],
						"body": {
							"mode": "raw",
							"raw": "{\n  \"status\": \"resolved\",\n  \"resolvedAt\": \"2025-11-08T12:00:00Z\"\n}"
						},
						"url": {
							"raw": "{{base_url}}/api/incidents/1",
							"host": ["{{base_url}}"],
							"path": ["api", "incidents", "1"]
						}
					}
				},
				{
					"name": "Delete Incident (Admin)",
					"request": {
						"method": "DELETE",
						"header": [],
						"url": {
							"raw": "{{base_url}}/api/incidents/1",
							"host": ["{{base_url}}"],
							"path": ["api", "incidents", "1"]
						}
					}
				}
			]
		},
		{
			"name": "Sensors",
			"item": [
				{
					"name": "Get All Sensors",
					"request": {
						"method": "GET",
						"header": [],
						"url": {
							"raw": "{{base_url}}/api/sensors?status=online&type=air_quality&limit=20&offset=0",
							"host": ["{{base_url}}"],
							"path": ["api", "sensors"],
							"query": [
								{
									"key": "status",
									"value": "online",
									"description": "Filter by status: online, offline, maintenance"
								},
								{
									"key": "type",
									"value": "air_quality",
									"description": "Filter by type: air_quality, traffic, noise, water, weather"
								},
								{
									"key": "limit",
									"value": "20"
								},
								{
									"key": "offset",
									"value": "0"
								}
							]
						}
					}
				},
				{
					"name": "Get Sensor by ID",
					"request": {
						"method": "GET",
						"header": [],
						"url": {
							"raw": "{{base_url}}/api/sensors/1",
							"host": ["{{base_url}}"],
							"path": ["api", "sensors", "1"]
						}
					}
				},
				{
					"name": "Create Sensor",
					"request": {
						"method": "POST",
						"header": [
							{
								"key": "Content-Type",
								"value": "application/json"
							}
						],
						"body": {
							"mode": "raw",
							"raw": "{\n  \"name\": \"Noise-22\",\n  \"type\": \"noise\",\n  \"status\": \"online\",\n  \"location\": {\n    \"lat\": 18.55,\n    \"lng\": 73.88,\n    \"address\": \"Koregaon Park, Pune\"\n  },\n  \"lastReading\": {\n    \"value\": 65,\n    \"unit\": \"dB\",\n    \"timestamp\": \"2025-11-08T10:30:00Z\"\n  }\n}"
						},
						"url": {
							"raw": "{{base_url}}/api/sensors",
							"host": ["{{base_url}}"],
							"path": ["api", "sensors"]
						}
					}
				},
				{
					"name": "Update Sensor",
					"request": {
						"method": "PATCH",
						"header": [
							{
								"key": "Content-Type",
								"value": "application/json"
							}
						],
						"body": {
							"mode": "raw",
							"raw": "{\n  \"status\": \"offline\",\n  \"lastReading\": {\n    \"value\": 92,\n    \"unit\": \"AQI\",\n    \"timestamp\": \"2025-11-08T10:30:00Z\"\n  }\n}"
						},
						"url": {
							"raw": "{{base_url}}/api/sensors/1",
							"host": ["{{base_url}}"],
							"path": ["api", "sensors", "1"]
						}
					}
				},
				{
					"name": "Delete Sensor (Admin)",
					"request": {
						"method": "DELETE",
						"header": [],
						"url": {
							"raw": "{{base_url}}/api/sensors/1",
							"host": ["{{base_url}}"],
							"path": ["api", "sensors", "1"]
						}
					}
				}
			]
		},
		{
			"name": "Sensor Readings",
			"item": [
				{
					"name": "Get Sensor Readings",
					"request": {
						"method": "GET",
						"header": [],
						"url": {
							"raw": "{{base_url}}/api/sensors/1/readings?limit=50",
							"host": ["{{base_url}}"],
							"path": ["api", "sensors", "1", "readings"],
							"query": [
								{
									"key": "limit",
									"value": "50"
								}
							]
						}
					}
				},
				{
					"name": "Add Sensor Reading",
					"request": {
						"method": "POST",
						"header": [
							{
								"key": "Content-Type",
								"value": "application/json"
							}
						],
						"body": {
							"mode": "raw",
							"raw": "{\n  \"value\": 83.5,\n  \"timestamp\": \"2025-11-08T11:30:00Z\",\n  \"metadata\": {\n    \"source\": \"auto\",\n    \"calibration\": \"standard\"\n  }\n}"
						},
						"url": {
							"raw": "{{base_url}}/api/sensors/1/readings",
							"host": ["{{base_url}}"],
							"path": ["api", "sensors", "1", "readings"]
						}
					}
				}
			]
		},
		{
			"name": "Cameras",
			"item": [
				{
					"name": "Get All Cameras",
					"request": {
						"method": "GET",
						"header": [],
						"url": {
							"raw": "{{base_url}}/api/cameras?status=online&limit=20&offset=0",
							"host": ["{{base_url}}"],
							"path": ["api", "cameras"],
							"query": [
								{
									"key": "status",
									"value": "online"
								},
								{
									"key": "limit",
									"value": "20"
								},
								{
									"key": "offset",
									"value": "0"
								}
							]
						}
					}
				},
				{
					"name": "Get Camera by ID",
					"request": {
						"method": "GET",
						"header": [],
						"url": {
							"raw": "{{base_url}}/api/cameras/1",
							"host": ["{{base_url}}"],
							"path": ["api", "cameras", "1"]
						}
					}
				},
				{
					"name": "Create Camera",
					"request": {
						"method": "POST",
						"header": [
							{
								"key": "Content-Type",
								"value": "application/json"
							}
						],
						"body": {
							"mode": "raw",
							"raw": "{\n  \"name\": \"CAM-07\",\n  \"status\": \"online\",\n  \"streamUrl\": \"rtsp://city/cam07\",\n  \"location\": {\n    \"lat\": 18.52,\n    \"lng\": 73.85,\n    \"address\": \"Camp, Pune\"\n  },\n  \"recordingEnabled\": true\n}"
						},
						"url": {
							"raw": "{{base_url}}/api/cameras",
							"host": ["{{base_url}}"],
							"path": ["api", "cameras"]
						}
					}
				},
				{
					"name": "Update Camera",
					"request": {
						"method": "PATCH",
						"header": [
							{
								"key": "Content-Type",
								"value": "application/json"
							}
						],
						"body": {
							"mode": "raw",
							"raw": "{\n  \"status\": \"maintenance\",\n  \"recordingEnabled\": false\n}"
						},
						"url": {
							"raw": "{{base_url}}/api/cameras/1",
							"host": ["{{base_url}}"],
							"path": ["api", "cameras", "1"]
						}
					}
				},
				{
					"name": "Delete Camera (Admin)",
					"request": {
						"method": "DELETE",
						"header": [],
						"url": {
							"raw": "{{base_url}}/api/cameras/1",
							"host": ["{{base_url}}"],
							"path": ["api", "cameras", "1"]
						}
					}
				}
			]
		},
		{
			"name": "Statistics",
			"item": [
				{
					"name": "Get Active Incidents Count",
					"request": {
						"method": "GET",
						"header": [],
						"url": {
							"raw": "{{base_url}}/api/stats/active-incidents-count",
							"host": ["{{base_url}}"],
							"path": ["api", "stats", "active-incidents-count"]
						}
					}
				},
				{
					"name": "Get Online Sensors Count",
					"request": {
						"method": "GET",
						"header": [],
						"url": {
							"raw": "{{base_url}}/api/stats/online-sensors-count",
							"host": ["{{base_url}}"],
							"path": ["api", "stats", "online-sensors-count"]
						}
					}
				},
				{
					"name": "Get Online Cameras Count",
					"request": {
						"method": "GET",
						"header": [],
						"url": {
							"raw": "{{base_url}}/api/stats/online-cameras-count",
							"host": ["{{base_url}}"],
							"path": ["api", "stats", "online-cameras-count"]
						}
					}
				},
				{
					"name": "Get Dashboard Stats",
					"request": {
						"method": "GET",
						"header": [],
						"url": {
							"raw": "{{base_url}}/api/stats/dashboard",
							"host": ["{{base_url}}"],
							"path": ["api", "stats", "dashboard"]
						}
					}
				}
			]
		},
		{
			"name": "Analytics",
			"item": [
				{
					"name": "Get Incidents by Type",
					"request": {
						"method": "GET",
						"header": [],
						"url": {
							"raw": "{{base_url}}/api/analytics/incidents-by-type",
							"host": ["{{base_url}}"],
							"path": ["api", "analytics", "incidents-by-type"]
						}
					}
				},
				{
					"name": "Get Incidents by Severity",
					"request": {
						"method": "GET",
						"header": [],
						"url": {
							"raw": "{{base_url}}/api/analytics/incidents-by-severity",
							"host": ["{{base_url}}"],
							"path": ["api", "analytics", "incidents-by-severity"]
						}
					}
				},
				{
					"name": "Get Incident Volume (Last 24h)",
					"request": {
						"method": "GET",
						"header": [],
						"url": {
							"raw": "{{base_url}}/api/analytics/incident-volume-24h",
							"host": ["{{base_url}}"],
							"path": ["api", "analytics", "incident-volume-24h"]
						}
					}
				},
				{
					"name": "Get Sensor Alerts (Last 24h)",
					"request": {
						"method": "GET",
						"header": [],
						"url": {
							"raw": "{{base_url}}/api/analytics/sensor-alerts-24h",
							"host": ["{{base_url}}"],
							"path": ["api", "analytics", "sensor-alerts-24h"]
						}
					}
				},
				{
					"name": "Get Response Time by Day (Last 7d)",
					"request": {
						"method": "GET",
						"header": [],
						"url": {
							"raw": "{{base_url}}/api/analytics/response-time-by-day",
							"host": ["{{base_url}}"],
							"path": ["api", "analytics", "response-time-by-day"]
						}
					}
				}
			]
		}
	]
}
